enjoy,39,chrisimmler
free,22,chrisimmler
chrisimmler,3,chrisimmler
almost,1,chrisimmler
next,1,chrisimmler
adventure,1,chrisimmler
planed,1,chrisimmler
weekend,1,chrisimmler
yet,1,chrisimmler
ba,98,Alexander Lauterbach Photography
bplease,95,Alexander Lauterbach Photography
quotfquot,95,Alexander Lauterbach Photography
press,95,Alexander Lauterbach Photography
photob,88,Alexander Lauterbach Photography
germany,43,Alexander Lauterbach Photography
photo,40,Alexander Lauterbach Photography
b,40,Alexander Lauterbach Photography
beautiful,37,Alexander Lauterbach Photography
kassel,32,Alexander Lauterbach Photography
sunset,32,Alexander Lauterbach Photography
taken,29,Alexander Lauterbach Photography
iceland,18,Alexander Lauterbach Photography
one,16,Alexander Lauterbach Photography
sunrise,16,Alexander Lauterbach Photography
nice,15,Alexander Lauterbach Photography
ive,13,Alexander Lauterbach Photography
isony,13,Alexander Lauterbach Photography
metabones,13,Alexander Lauterbach Photography
a7r,13,Alexander Lauterbach Photography
