6d,74,radomirmor
sky,49,radomirmor
tree,33,radomirmor
sigma,24,radomirmor
monochrome,22,radomirmor
prague,19,radomirmor
landscape,17,radomirmor
cloud,17,radomirmor
river,17,radomirmor
forest,15,radomirmor
sun,14,radomirmor
vltava,14,radomirmor
bw,13,radomirmor
grass,11,radomirmor
mbpictures,11,radomirmor
animal,10,radomirmor
ocean,18,chrisimmler
australia,16,chrisimmler
byronbay,13,chrisimmler
canon7d,10,chrisimmler
mountains,10,chrisimmler
nature,9,chrisimmler
sunrise,9,chrisimmler
7d,8,chrisimmler
hiking,7,chrisimmler
beach,7,chrisimmler
surf,7,chrisimmler
austria,7,chrisimmler
wave,7,chrisimmler
view,6,chrisimmler
barrel,6,chrisimmler
panorama,5,chrisimmler
canon,80,common
water,42,common
sea,22,common
sunset,30,common
